{
    "name": "commoncocoslua",
    "title": "",
    "description": "cocoslua common",
    "docslink": "http://dev.umeng.com/sdk_integate/android_sdk/android_common_guide",
    "show": 0,
    "required": 1,
    "display_platform": "Cocos2dx lua",
    "packages": [
        {
            "required": 1,
            "docslink": "",
            "key": "cocosluacommon",
            "description": "",
            "title": "",
            "destination": "",
            "files": [
                "UMCocosLua/common/common_cc/*",
                "UMCocosLua/common/common_java/*"
            ]
        }
    ]
}
