{
    "name": "pushcocoslua",
    "description": "推送Cocos2dx-lua版本桥接文件，平台库请点选Android或iOS下载",
    "chooseDescription":"",
    "title": "Push SDK 5.0.0测试版",
    "docslink": "http://dev.umeng.com/sdk_integate/三方框架组件化/cocos2dx-lua组件化文档#3",
    "notice": "推送Cocos2dx-lua版本桥接文件，平台库请点选Android或iOS下载",
    "show": 1,
    "required": 0,
    "display_platform": "Cocos2dx lua",
    "packages": [
          {
            "required": 1,
            "docslink": "",
            "key": "cocosluapush",
            "description": "",
            "title": "",
            "destination": "",
            "files": [
                "UMCocosLua/push/push_cc/*",
                "UMCocosLua/push/push_java/*",
                "UMCocosLua/push/umPushForLua.lua"
            ]
        }
       ]
}
