{
    "name": "analyticscocoslua",
    "description": "统计Cocos2dx-lua版本桥接文件，平台库请点选Android或iOS下载",
    "chooseDescription":"为用户集成便利，提供了多种H5框架的集成sdk接口，请根据应用的H5开发框架选择不同服务，若为原生应用，只选择 “基础包”即可",
    "title": "Analytics SDK 5.0.0",
    "docslink": "http://dev.umeng.com/sdk_integate/android_sdk/android_common_guide",
    "notice": "统计Cocos2dx-lua版本桥接文件，平台库请点选Android或iOS下载",
    "show": 1,
    "display_platform": "Cocos2dx lua",
    "required": 0,
    "packages": [
          {
            "required": 1,
            "docslink": "",
            "key": "cocosluaanalytics",
            "description": "",
            "title": "",
            "destination": "",
            "files": [
                "UMCocosLua/analytics/analytics_cc/*",
                "UMCocosLua/analytics/analytics_java/*",
                "UMCocosLua/analytics/MobClickForLua.lua"
            ]
        }
       ]
}
