{
    "name": "analyticscocoslua",
    "description": "统计Cocos2dx-lua版本桥接文件，平台库请点选Android或iOS下载",
    "chooseDescription":"",
    "title": "Analytics SDK 5.0.0测试版",
    "docslink": "http://dev.umeng.com/sdk_integate/三方框架组件化/cocos2dx-lua组件化文档#2",
    "notice": "统计Cocos2dx-lua版本桥接文件，平台库请点选Android或iOS下载",
    "show": 1,
    "display_platform": "Cocos2dx lua",
    "required": 0,
    "packages": [
          {
            "required": 1,
            "docslink": "",
            "key": "cocosluaanalytics",
            "description": "",
            "title": "",
            "destination": "",
            "files": [
                "UMCocosLua/analytics/analytics_cc/*",
                "UMCocosLua/analytics/analytics_java/*",
                "UMCocosLua/analytics/MobClickForLua.lua"
            ]
        }
       ]
}
